Algorithm,Filename,CompressMs,DecompressMs,CompressionRatio,Entropy,Extra1,Extra2,Extra3
zstd,medium-java.log,13.825654983520508,0,90.24827057950547,0.9955423956056376,0,0,0
gzip,medium-java.log,86.37666702270508,0,58.43798629839735,0.9682944399734653,0,0,0
bzip2,medium-java.log,1630.7849884033203,0,90.9339153924075,0.994107565163875,0,0,0
