Algorithm,Filename,CompressMs,DecompressMs,CompressionRatio,Entropy,Extra1,Extra2,Extra3
gzip,medium-java.log,78.11689376831055,0,58.43798629839735,0.9682947666436417,0,0,0
rar,medium-java.log,161.08393669128418,0,131.78880525714817,0.9978037402982061,0,0,0
zpaq,medium-java.log,179.4412136077881,0,71.18523040517577,0.9875590600169598,0,0,0
7zip,medium-java.log,592.4603939056396,0,117.67484394506866,0.9997890794341325,0,0,0
bzip2,medium-java.log,1687.2644424438477,0,90.9339153924075,0.994107565163875,0,0,0
zstd,medium-java.log,2034.1126918792725,0,144.6795942644444,0.9957113259364693,0,0,0
