Algorithm,Filename,CompressMs,DecompressMs,CompressionRatio,Entropy,Extra1,Extra2,Extra3
zstd,medium-java.log,36.61465644836426,0,131.47782724430135,0.9953304038071027,0,0,0
gzip,medium-java.log,78.85622978210449,0,58.43798629839735,0.9682943359149131,0,0,0
rar,medium-java.log,169.1594123840332,0,131.78880525714817,0.9977998960945126,0,0,0
zpaq,medium-java.log,185.12940406799316,0,71.18523040517577,0.987558384359882,0,0,0
7zip,medium-java.log,576.6184329986572,0,117.67484394506866,0.9997885405261417,0,0,0
bzip2,medium-java.log,1674.8034954071045,0,90.9339153924075,0.994107565163875,0,0,0
